도쿄,07월 02일,10:35,12:55,149000
도쿄,07월 03일,10:35,12:55,334900
도쿄,07월 06일,10:35,12:55,334900
도쿄,07월 07일,10:35,12:55,149000
도쿄,07월 09일,10:35,12:55,149000
도쿄,07월 10일,10:35,12:55,334900
도쿄,07월 13일,10:35,12:55,334900
도쿄,07월 14일,10:35,12:55,149000
도쿄,07월 16일,10:35,12:55,149000
도쿄,07월 17일,10:35,12:55,334900
도쿄,07월 20일,10:35,12:55,334900
도쿄,07월 21일,10:35,12:55,149000
도쿄,07월 23일,10:35,12:55,179000
도쿄,07월 24일,10:35,12:55,179000
도쿄,07월 27일,10:35,12:55,179000
도쿄,07월 28일,10:35,12:55,179000
도쿄,07월 30일,10:35,12:55,214000
도쿄,07월 31일,10:35,12:55,254000
오사카,07월 01일,9:10,11:00,154000
오사카,07월 03일,9:10,11:00,154000
오사카,07월 04일,9:10,11:00,154000
오사카,07월 06일,9:10,11:00,154000
오사카,07월 08일,9:10,11:00,154000
오사카,07월 10일,9:10,11:00,154000
오사카,07월 11일,9:10,11:00,154000
오사카,07월 13일,9:10,11:00,154000
오사카,07월 15일,9:10,11:00,154000
오사카,07월 17일,9:10,11:00,154000
오사카,07월 18일,9:10,11:00,154000
오사카,07월 20일,9:10,11:00,154000
오사카,07월 22일,9:10,11:00,154000
오사카,07월 24일,9:10,11:00,209000
오사카,07월 25일,9:10,11:00,209000
오사카,07월 27일,9:10,11:00,209000
오사카,07월 29일,9:10,11:00,209000
오사카,07월 31일,9:10,11:00,209000
호찌민,07월 02일,21:05,1:00,70000
호찌민,07월 06일,21:05,1:00,70000
호찌민,07월 09일,21:05,1:00,70000
호찌민,07월 13일,21:05,1:00,70000
호찌민,07월 16일,21:05,1:00,70000
호찌민,07월 20일,21:05,1:00,70000
호찌민,07월 21일,21:05,1:00,70000
호찌민,07월 23일,21:05,1:00,70000
호찌민,07월 24일,21:05,1:00,70000
호찌민,07월 27일,21:05,1:00,70000
호찌민,07월 28일,21:05,1:00,70000
호찌민,07월 30일,21:05,1:00,136000
호찌민,07월 31일,21:05,1:00,70000
다낭,07월 01일,21:20,0:30,190000
다낭,07월 02일,21:20,0:30,190000
다낭,07월 03일,21:20,0:30,190000
다낭,07월 04일,21:20,0:30,190000
다낭,07월 05일,21:20,0:30,190000
다낭,07월 06일,21:20,0:30,190000
다낭,07월 07일,21:20,0:30,190000
다낭,07월 08일,21:20,0:30,190000
다낭,07월 09일,21:20,0:30,190000
다낭,07월 10일,21:20,0:30,190000
다낭,07월 11일,21:20,0:30,190000
다낭,07월 12일,21:20,0:30,190000
다낭,07월 13일,21:20,0:30,190000
다낭,07월 14일,21:20,0:30,190000
다낭,07월 15일,21:20,0:30,190000
다낭,07월 16일,21:20,0:30,190000
다낭,07월 17일,21:20,0:30,190000
다낭,07월 18일,21:20,0:30,230000
다낭,07월 19일,21:20,0:30,230000
다낭,07월 20일,21:20,0:30,230000
다낭,07월 21일,21:20,0:30,230000
다낭,07월 22일,21:20,0:30,260000
다낭,07월 23일,21:20,0:30,230000
다낭,07월 24일,21:20,0:30,230000
다낭,07월 25일,21:20,0:30,230000
다낭,07월 26일,21:20,0:30,230000
다낭,07월 27일,21:20,0:30,320000
다낭,07월 28일,21:20,0:30,320000
다낭,07월 29일,21:20,0:30,320000
다낭,07월 30일,21:20,0:30,320000
다낭,07월 31일,21:20,0:30,320000
나트랑,07월 02일,22:10,1:20,190000
나트랑,07월 03일,22:10,1:20,190000
나트랑,07월 06일,22:10,1:20,190000
나트랑,07월 07일,22:10,1:20,190000
나트랑,07월 09일,22:10,1:20,190000
나트랑,07월 10일,22:10,1:20,190000
나트랑,07월 13일,22:10,1:20,190000
나트랑,07월 14일,22:10,1:20,190000
나트랑,07월 16일,22:10,1:20,220000
나트랑,07월 17일,22:10,1:20,220000
나트랑,07월 20일,22:10,1:20,220000
나트랑,07월 21일,22:10,1:20,220000
나트랑,07월 23일,22:10,1:20,220000
나트랑,07월 24일,22:10,1:20,220000
나트랑,07월 27일,22:10,1:20,260000
나트랑,07월 28일,22:10,1:20,260000
나트랑,07월 30일,22:10,1:20,360000
나트랑,07월 31일,22:10,1:20,360000
방콕,07월 02일,20:05,23:59,153000
방콕,07월 03일,20:05,23:59,153000
방콕,07월 06일,20:05,23:59,171000
방콕,07월 07일,20:05,23:59,171000
방콕,07월 09일,20:05,23:59,171000
방콕,07월 10일,20:05,23:59,171000
방콕,07월 13일,20:05,23:59,153000
방콕,07월 14일,20:05,23:59,153000
방콕,07월 16일,20:05,23:59,205000
방콕,07월 17일,20:05,23:59,205000
방콕,07월 20일,20:05,23:59,205000
방콕,07월 21일,20:05,23:59,205000
방콕,07월 22일,20:05,23:59,240000
방콕,07월 23일,20:05,23:59,240000
방콕,07월 24일,20:05,23:59,240000
방콕,07월 25일,20:05,23:59,240000
방콕,07월 26일,20:05,23:59,240000
방콕,07월 27일,20:05,23:59,340000
방콕,07월 28일,20:05,23:59,340000
방콕,07월 29일,20:05,23:59,390000
방콕,07월 30일,20:05,23:59,390000
방콕,07월 31일,20:05,23:59,390000
마닐라,07월 01일,18:05,22:20,255000
마닐라,07월 02일,18:05,22:20,215000
마닐라,07월 03일,18:05,22:20,195000
마닐라,07월 04일,18:05,22:20,255000
마닐라,07월 05일,18:05,22:20,195000
마닐라,07월 06일,18:05,22:20,215000
마닐라,07월 07일,18:05,22:20,255000
마닐라,07월 08일,18:05,22:20,255000
마닐라,07월 09일,18:05,22:20,215000
마닐라,07월 10일,18:05,22:20,195000
마닐라,07월 11일,18:05,22:20,255000
마닐라,07월 12일,18:05,22:20,195000
마닐라,07월 13일,18:05,22:20,215000
마닐라,07월 14일,18:05,22:20,255000
마닐라,07월 15일,18:05,22:20,255000
마닐라,07월 16일,18:05,22:20,215000
마닐라,07월 17일,18:05,22:20,195000
마닐라,07월 18일,18:05,22:20,255000
마닐라,07월 19일,18:05,22:20,195000
마닐라,07월 20일,18:05,22:20,215000
마닐라,07월 21일,18:05,22:20,255000
마닐라,07월 22일,18:05,22:20,255000
마닐라,07월 23일,18:05,22:20,215000
마닐라,07월 24일,18:05,22:20,195000
마닐라,07월 25일,18:05,22:20,255000
마닐라,07월 26일,18:05,22:20,215000
마닐라,07월 27일,18:05,22:20,340000
마닐라,07월 28일,18:05,22:20,340000
마닐라,07월 29일,18:05,22:20,295000
마닐라,07월 30일,18:05,22:20,340000
마닐라,07월 31일,18:05,22:20,295000
세부,07월 02일,18:00,22:00,240000
세부,07월 03일,18:00,22:00,240000
세부,07월 06일,18:00,22:00,220000
세부,07월 07일,18:00,22:00,290000
세부,07월 09일,18:00,22:00,290000
세부,07월 10일,18:00,22:00,240000
세부,07월 13일,18:00,22:00,220000
세부,07월 14일,18:00,22:00,290000
세부,07월 16일,18:00,22:00,290000
세부,07월 17일,18:00,22:00,240000
세부,07월 20일,18:00,22:00,240000
세부,07월 21일,18:00,22:00,290000
세부,07월 22일,18:00,22:00,240000
세부,07월 23일,18:00,22:00,340000
세부,07월 24일,18:00,22:00,290000
세부,07월 25일,18:00,22:00,240000
세부,07월 26일,18:00,22:00,240000
세부,07월 27일,18:00,22:00,240000
세부,07월 28일,18:00,22:00,290000
세부,07월 29일,18:00,22:00,240000
세부,07월 30일,18:00,22:00,290000
세부,07월 31일,18:00,22:00,290000
보홀,07월 01일,7:00,11:05,205000
보홀,07월 03일,7:00,11:05,171000
보홀,07월 05일,7:00,11:05,205000
보홀,07월 07일,7:00,11:05,220000
보홀,07월 08일,7:00,11:05,220000
보홀,07월 10일,7:00,11:05,205000
보홀,07월 12일,7:00,11:05,220000
보홀,07월 14일,7:00,11:05,220000
보홀,07월 15일,7:00,11:05,220000
보홀,07월 17일,7:00,11:05,205000
보홀,07월 19일,7:00,11:05,205000
보홀,07월 21일,7:00,11:05,220000
보홀,07월 22일,7:00,11:05,220000
보홀,07월 24일,7:00,11:05,205000
보홀,07월 26일,7:00,11:05,220000
보홀,07월 28일,7:00,11:05,290000
보홀,07월 29일,7:00,11:05,290000
보홀,07월 31일,7:00,11:05,290000
클락,07월 02일,8:00,11:10,155000
클락,07월 03일,8:00,11:10,215000
클락,07월 06일,8:00,11:10,215000
클락,07월 07일,8:00,11:10,255000
클락,07월 09일,8:00,11:10,255000
클락,07월 10일,8:00,11:10,255000
클락,07월 13일,8:00,11:10,255000
클락,07월 14일,8:00,11:10,255000
클락,07월 16일,8:00,11:10,255000
클락,07월 17일,8:00,11:10,255000
클락,07월 20일,8:00,11:10,255000
클락,07월 21일,8:00,11:10,295000
클락,07월 23일,8:00,11:10,255000
클락,07월 24일,8:00,11:10,255000
클락,07월 27일,8:00,11:10,255000
클락,07월 28일,8:00,11:10,295000
클락,07월 30일,8:00,11:10,255000
클락,07월 31일,8:00,11:10,295000
코타키나발루,07월 02일,19:00,23:20,235000
코타키나발루,07월 03일,19:00,23:20,200000
코타키나발루,07월 06일,19:00,23:20,200000
코타키나발루,07월 07일,19:00,23:20,200000
코타키나발루,07월 09일,19:00,23:20,200000
코타키나발루,07월 10일,19:00,23:20,200000
코타키나발루,07월 13일,19:00,23:20,200000
코타키나발루,07월 14일,19:00,23:20,200000
코타키나발루,07월 16일,19:00,23:20,200000
코타키나발루,07월 17일,19:00,23:20,200000
코타키나발루,07월 20일,19:00,23:20,235000
코타키나발루,07월 21일,19:00,23:20,235000
코타키나발루,07월 23일,19:00,23:20,325000
코타키나발루,07월 24일,19:00,23:20,280000
코타키나발루,07월 27일,19:00,23:20,410000
코타키나발루,07월 28일,19:00,23:20,440000
코타키나발루,07월 30일,19:00,23:20,440000
코타키나발루,07월 31일,19:00,23:20,440000
괌,07월 01일,9:00,14:30,179000
괌,07월 02일,9:00,14:30,209000
괌,07월 03일,9:00,14:30,310000
괌,07월 04일,9:00,14:30,209000
괌,07월 05일,9:00,14:30,209000
괌,07월 06일,9:00,14:30,209000
괌,07월 07일,9:00,14:30,209000
괌,07월 08일,9:00,14:30,209000
괌,07월 09일,9:00,14:30,240000
괌,07월 10일,9:00,14:30,310000
괌,07월 11일,9:00,14:30,209000
괌,07월 12일,9:00,14:30,209000
괌,07월 13일,9:00,14:30,209000
괌,07월 14일,9:00,14:30,209000
괌,07월 15일,9:00,14:30,209000
괌,07월 16일,9:00,14:30,209000
괌,07월 17일,9:00,14:30,240000
괌,07월 18일,9:00,14:30,209000
괌,07월 19일,9:00,14:30,209000
괌,07월 20일,9:00,14:30,240000
괌,07월 21일,9:00,14:30,240000
괌,07월 22일,9:00,14:30,240000
괌,07월 23일,9:00,14:30,360000
괌,07월 25일,9:00,14:30,240000
괌,07월 26일,9:00,14:30,275000
괌,07월 27일,9:00,14:30,310000
괌,07월 28일,9:00,14:30,335000
괌,07월 29일,9:00,14:30,381000
괌,07월 30일,9:00,14:30,418900
괌,07월 31일,9:00,14:30,418900
사이판,07월 02일,8:30,14:10,209200
사이판,07월 03일,8:30,14:10,428100
사이판,07월 06일,8:30,14:10,160000
사이판,07월 07일,8:30,14:10,418900
사이판,07월 09일,8:30,14:10,169200
사이판,07월 10일,8:30,14:10,428100
사이판,07월 13일,8:30,14:10,160000
사이판,07월 14일,8:30,14:10,418900
사이판,07월 16일,8:30,14:10,169200
사이판,07월 17일,8:30,14:10,428100
사이판,07월 20일,8:30,14:10,200000
사이판,07월 21일,8:30,14:10,418900
사이판,07월 23일,8:30,14:10,289200
사이판,07월 24일,8:30,14:10,428100
사이판,07월 27일,8:30,14:10,331000
사이판,07월 28일,8:30,14:10,418900
사이판,07월 30일,8:30,14:10,407200
사이판,07월 31일,8:30,14:10,428100
